{
  "model": "RandomForestClassifier",
  "best_params": {
    "model__max_depth": 10,
    "model__min_samples_leaf": 4,
    "model__n_estimators": 200
  },
  "holdout": {
    "accuracy": 0.7579843860894251,
    "precision": 0.5302752293577981,
    "recall": 0.7727272727272727,
    "f1_score": 0.6289445048966268,
    "roc_auc": 0.852122245472629,
    "confusion_matrix": {
      "true_negative": 779,
      "false_positive": 256,
      "false_negative": 85,
      "true_positive": 289
    },
    "classification_report": {
      "0": {
        "precision": 0.9016203703703703,
        "recall": 0.7526570048309179,
        "f1-score": 0.8204318062137967,
        "support": 1035.0
      },
      "1": {
        "precision": 0.5302752293577981,
        "recall": 0.7727272727272727,
        "f1-score": 0.6289445048966268,
        "support": 374.0
      },
      "accuracy": 0.7579843860894251,
      "macro avg": {
        "precision": 0.7159477998640842,
        "recall": 0.7626921387790953,
        "f1-score": 0.7246881555552118,
        "support": 1409.0
      },
      "weighted avg": {
        "precision": 0.8030518233592263,
        "recall": 0.7579843860894251,
        "f1-score": 0.7696040910309567,
        "support": 1409.0
      }
    }
  },
  "cross_validation": {
    "accuracy_mean": 0.7719240789218615,
    "precision_mean": 0.5489989024326969,
    "recall_mean": 0.7946488294314381,
    "f1_mean": 0.6491793705168185,
    "roc_auc_mean": 0.8621204416617037,
    "accuracy_std": 0.015144069918363532,
    "precision_std": 0.02090614777820422,
    "recall_std": 0.02183923440443411,
    "f1_std": 0.01920609344181366,
    "roc_auc_std": 0.007547038579779624
  },
  "n_train": 5634,
  "n_test": 1409
}