{
  "model": "RandomForestClassifier",
  "recall_floor": 0.75,
  "selected": {
    "threshold": 0.49,
    "accuracy": 0.7665010645848119,
    "precision": 0.5430210325047801,
    "recall": 0.7593582887700535
  },
  "default_threshold_0.5": {
    "accuracy": 0.7629524485450674,
    "precision": 0.5389105058365758,
    "recall": 0.7406417112299465
  }
}